{
  "opportunity_id": "opp_bmf_922661472_20250909_071447",
  "profile_id": "profile_f3adef3b653c",
  "organization_name": "CELEBRATE HELPING HANDS INC",
  "ein": "922661472",
  "current_stage": "discovery",
  "stage_history": [],
  "scoring": {
    "overall_score": 0.6,
    "auto_promotion_eligible": false,
    "promotion_recommended": false,
    "dimension_scores": {},
    "confidence_level": 0.75,
    "scored_at": "2025-09-09T07:14:52.415632",
    "scorer_version": "discovery_v1.0"
  },
  "analysis": {
    "discovery": {
      "match_factors": {
        "source_type": "Nonprofit",
        "ntee_code": "P81",
        "state": "VA",
        "bmf_filtered": true,
        "deadline": null,
        "eligibility": []
      },
      "risk_factors": {},
      "recommendations": [],
      "network_insights": {},
      "analyzed_at": "2025-09-09T07:14:52.415755",
      "source": "bmf_filter",
      "opportunity_type": "grants",
      "enhanced_data": {
        "ein": "922661472",
        "ntee_code": "P81",
        "discovery_source": "bmf_filter",
        "source_url": null,
        "revenue": 0.0
      }
    }
  },
  "user_assessment": null,
  "promotion_history": [],
  "source": "bmf_filter",
  "opportunity_type": "grants",
  "discovered_at": "2025-09-09T07:14:47.588848",
  "last_updated": "2025-09-09T07:14:52.495035",
  "status": "active",
  "legacy_lead_id": "lead_bmf_922661472_20250909_071447",
  "legacy_pipeline_stage": "discovery",
  "description": "Nonprofit organization from IRS Business Master File. Revenue: $0",
  "funding_amount": null,
  "program_name": null
}