{
  "profile_id": "profile-3dcf58c49faf",
  "organization_name": "Test Education Foundation",
  "focus_areas": [
    "education",
    "student support",
    "literacy"
  ],
  "geographic_scope": null,
  "ntee_codes": [
    "B25",
    "B28"
  ],
  "created_at": "2025-10-06T14:38:41.572496",
  "updated_at": "2025-10-06T14:38:41.572882",
  "discovery_status": null,
  "last_discovery_at": null,
  "analytics": {
    "opportunity_count": 0,
    "stages_distribution": {},
    "scoring_stats": {},
    "discovery_stats": {},
    "promotion_stats": {}
  },
  "recent_activity": [],
  "status": "active",
  "tags": [],
  "notes": null
}