{
  "profile_id": "profile-9ce60a6483a8",
  "organization_name": "Test Veterans Foundation",
  "focus_areas": [
    "veteran healthcare",
    "mental health",
    "rehabilitation"
  ],
  "geographic_scope": null,
  "ntee_codes": [
    "T99",
    "P99"
  ],
  "created_at": "2025-10-06T20:15:38.991933",
  "updated_at": "2025-10-06T20:15:38.992360",
  "discovery_status": null,
  "last_discovery_at": null,
  "analytics": {
    "opportunity_count": 0,
    "stages_distribution": {},
    "scoring_stats": {},
    "discovery_stats": {},
    "promotion_stats": {}
  },
  "recent_activity": [],
  "status": "active",
  "tags": [],
  "notes": null
}