{
  "opportunity_id": "opp_bmf_540950714_20250909_071447",
  "profile_id": "profile_f3adef3b653c",
  "organization_name": "SENIOR CONNECTIONS THE CAPITAL AREA AGENCY ON AGING",
  "ein": "540950714",
  "current_stage": "discovery",
  "stage_history": [],
  "scoring": {
    "overall_score": 0.6,
    "auto_promotion_eligible": false,
    "promotion_recommended": false,
    "dimension_scores": {},
    "confidence_level": 0.75,
    "scored_at": "2025-09-09T07:14:47.679089",
    "scorer_version": "discovery_v1.0"
  },
  "analysis": {
    "discovery": {
      "match_factors": {
        "source_type": "Nonprofit",
        "ntee_code": "P81Z",
        "state": "VA",
        "bmf_filtered": true,
        "deadline": null,
        "eligibility": []
      },
      "risk_factors": {},
      "recommendations": [],
      "network_insights": {},
      "analyzed_at": "2025-09-09T07:14:47.679154",
      "source": "bmf_filter",
      "opportunity_type": "grants",
      "enhanced_data": {
        "ein": "540950714",
        "ntee_code": "P81Z",
        "discovery_source": "bmf_filter",
        "source_url": null,
        "revenue": 12118539.0
      }
    }
  },
  "user_assessment": null,
  "promotion_history": [],
  "source": "bmf_filter",
  "opportunity_type": "grants",
  "discovered_at": "2025-09-09T07:14:47.586542",
  "last_updated": "2025-09-09T07:14:47.692850",
  "status": "active",
  "legacy_lead_id": "lead_bmf_540950714_20250909_071447",
  "legacy_pipeline_stage": "discovery",
  "description": "Nonprofit organization from IRS Business Master File. Revenue: $12,118,539.0",
  "funding_amount": null,
  "program_name": null
}